order_id,order_date,amount,product_id
1,2023-01-23,48.68,176
2,2023-01-16,37.94,112
3,2023-01-16,70.56,137
4,2023-01-25,77.54,164
5,2023-01-17,37.81,144
6,2023-01-03,35.82,155
7,2023-01-27,54.0,182
8,2023-01-06,41.38,175
9,2023-01-03,51.91,197
10,2023-01-22,47.96,177
11,2023-01-12,62.31,146
12,2023-01-17,63.62,115
13,2023-01-29,46.87,174
14,2023-01-13,38.72,132
15,2023-01-03,77.58,146
16,2023-01-15,38.2,112
17,2023-01-11,68.01,122
18,2023-01-30,65.86,143
19,2023-01-24,59.64,183
20,2023-01-27,59.37,138
21,2023-01-08,59.47,168
22,2023-01-26,56.35,119
23,2023-01-25,67.63,178
24,2023-01-15,48.61,170
25,2023-01-18,42.22,145
26,2023-01-02,84.9,113
27,2023-01-14,74.37,166
28,2023-01-27,48.3,156
29,2023-01-18,66.72,163
30,2023-01-03,70.87,155
31,2023-01-19,45.75,103
32,2023-01-31,51.17,121
33,2023-01-31,32.33,185
34,2023-01-26,64.94,105
35,2023-01-29,68.81,129
36,2023-01-04,58.17,155
37,2023-01-31,48.81,166
38,2023-01-13,41.76,181
39,2023-01-11,47.37,102
40,2023-01-24,64.74,172
41,2023-01-23,55.25,116
42,2023-01-30,63.93,115
43,2023-01-16,53.03,144
44,2023-01-08,53.41,130
45,2023-01-19,26.06,136
46,2023-01-11,35.06,111
47,2023-01-12,36.89,190
48,2023-01-15,80.98,126
49,2023-01-09,69.75,177
50,2023-01-25,50.89,144
51,2023-01-03,48.22,109
52,2023-01-04,20.45,145
53,2023-01-23,59.75,130
54,2023-01-17,26.08,117
55,2023-01-01,44.41,175
56,2023-01-21,55.44,143
57,2023-01-05,50.21,158
58,2023-01-20,58.59,108
59,2023-01-25,82.18,104
60,2023-01-06,62.14,132
61,2023-01-22,31.22,110
62,2023-01-25,36.47,117
63,2023-01-31,27.47,158
64,2023-01-19,50.56,159
65,2023-01-05,34.69,195
66,2023-01-15,71.76,178
67,2023-01-09,113.28,148
68,2023-01-14,35.21,193
69,2023-01-17,60.35,147
70,2023-01-30,46.69,133
71,2023-01-27,52.18,143
72,2023-01-12,58.14,182
73,2023-01-17,34.29,114
74,2023-01-10,45.27,110
75,2023-01-04,60.61,128
76,2023-01-23,57.61,172
77,2023-01-10,45.01,110
78,2023-01-31,35.7,123
79,2023-01-05,97.57,155
80,2023-01-10,71.77,182
81,2023-01-30,73.63,131
82,2023-01-20,51.87,129
83,2023-01-29,41.9,125
84,2023-01-06,45.9,116
85,2023-01-10,29.44,143
86,2023-01-05,86.58,189
87,2023-01-27,52.63,189
88,2023-01-04,81.12,151
89,2023-01-01,46.78,177
90,2023-01-13,63.58,137
91,2023-01-23,58.66,174
92,2023-01-01,27.64,193
93,2023-01-01,89.47,112
94,2023-01-28,47.34,115
95,2023-01-12,32.86,159
96,2023-01-09,67.87,131
97,2023-01-10,54.9,197
98,2023-01-14,61.75,114
99,2023-01-06,56.81,122
100,2023-01-01,14.0,167
101,2023-01-10,38.14,150
102,2023-01-24,37.44,158
103,2023-01-27,73.32,180
104,2023-01-03,55.61,173
105,2023-01-14,64.77,112
106,2023-01-03,48.45,139
107,2023-01-05,65.76,148
108,2023-01-10,51.91,195
109,2023-01-30,50.52,192
110,2023-01-19,58.53,155
111,2023-01-27,56.81,110
112,2023-01-24,105.35,141
113,2023-01-06,37.94,159
114,2023-01-23,25.73,180
115,2023-01-20,61.31,178
116,2023-01-21,40.42,110
117,2023-01-08,12.05,179
118,2023-01-11,33.75,153
119,2023-01-29,99.22,186
120,2023-01-09,37.46,141
121,2023-01-04,19.85,165
122,2023-01-09,97.58,145
123,2023-01-09,33.06,123
124,2023-01-27,113.1,181
125,2023-01-28,47.64,106
126,2023-01-12,89.57,114
127,2023-01-10,50.09,131
128,2023-01-29,63.7,192
129,2023-01-05,52.32,128
130,2023-01-15,50.24,111
131,2023-01-22,59.64,105
132,2023-01-26,64.43,105
133,2023-01-16,58.11,168
134,2023-01-26,56.06,131
135,2023-01-23,40.57,187
136,2023-01-17,53.05,104
137,2023-01-08,86.47,124
138,2023-01-30,39.74,141
139,2023-01-01,60.22,137
140,2023-01-28,78.82,110
141,2023-01-04,64.6,105
142,2023-01-22,73.55,109
143,2023-01-25,32.79,190
144,2023-01-10,60.27,180
145,2023-01-20,49.16,164
146,2023-01-23,49.96,113
147,2023-01-11,84.43,151
148,2023-01-26,50.26,146
149,2023-01-22,60.92,163
150,2023-01-02,19.87,113
151,2023-01-06,89.55,141
152,2023-01-11,72.28,136
153,2023-01-23,53.77,132
154,2023-01-06,48.31,168
155,2023-01-25,66.65,194
156,2023-01-27,78.55,148
157,2023-01-15,89.88,153
158,2023-01-16,71.56,165
159,2023-01-18,56.33,153
160,2023-01-03,74.79,128
161,2023-01-02,70.65,120
162,2023-01-16,56.41,186
163,2023-01-30,70.02,161
164,2023-02-18,74.62,172
165,2023-02-15,58.66,193
166,2023-02-27,49.63,195
167,2023-02-12,72.75,159
168,2023-02-28,39.73,179
169,2023-02-03,35.67,125
170,2023-02-02,66.24,109
171,2023-02-04,72.18,156
172,2023-02-14,66.09,146
173,2023-02-21,68.28,176
174,2023-02-15,18.74,149
175,2023-02-04,71.82,193
176,2023-02-23,89.52,111
177,2023-02-14,76.93,165
178,2023-02-26,76.28,177
179,2023-02-21,64.66,133
180,2023-02-23,65.41,176
181,2023-02-23,57.05,136
182,2023-02-09,67.67,115
183,2023-02-03,38.83,193
184,2023-02-21,89.63,138
185,2023-02-05,43.55,155
186,2023-02-11,76.89,178
187,2023-02-04,86.58,137
188,2023-02-01,76.84,171
189,2023-02-12,106.55,111
190,2023-02-25,19.93,163
191,2023-02-14,50.85,158
192,2023-02-16,86.19,101
193,2023-02-21,34.97,182
194,2023-02-28,44.12,145
195,2023-02-01,70.48,130
196,2023-02-21,31.74,178
197,2023-02-11,61.09,199
198,2023-02-20,69.19,128
199,2023-02-02,62.76,110
200,2023-02-18,64.58,109
201,2023-02-25,45.91,102
202,2023-02-13,63.94,114
203,2023-02-23,52.13,119
204,2023-02-09,54.68,165
205,2023-02-01,76.59,100
206,2023-02-23,34.07,160
207,2023-02-27,13.33,123
208,2023-02-07,74.99,105
209,2023-02-28,63.96,192
210,2023-02-24,86.55,169
211,2023-02-13,44.61,104
212,2023-02-04,58.04,112
213,2023-02-16,61.84,174
214,2023-02-03,48.11,185
215,2023-02-23,42.24,173
216,2023-02-01,76.07,127
217,2023-02-15,32.36,198
218,2023-02-15,39.19,105
219,2023-02-01,57.38,104
220,2023-02-13,78.57,170
221,2023-02-11,49.32,109
222,2023-02-11,46.91,198
223,2023-02-16,56.22,178
224,2023-02-25,67.24,157
225,2023-02-07,53.14,194
226,2023-02-12,81.34,157
227,2023-02-08,82.29,164
228,2023-02-05,57.38,114
229,2023-02-20,99.02,140
230,2023-02-04,61.39,111
231,2023-02-27,81.52,127
232,2023-02-18,66.66,142
233,2023-02-12,66.28,163
234,2023-02-05,28.21,140
235,2023-02-27,37.65,158
236,2023-02-26,54.14,103
237,2023-02-14,82.12,147
238,2023-02-03,66.95,157
239,2023-02-17,54.31,170
240,2023-02-17,72.38,165
241,2023-02-07,81.28,178
242,2023-02-06,60.13,143
243,2023-02-15,64.46,136
244,2023-02-23,61.83,173
245,2023-02-04,58.86,192
246,2023-02-21,44.41,152
247,2023-02-07,42.97,131
248,2023-02-11,72.25,149
249,2023-02-02,81.71,107
250,2023-02-24,54.28,105
251,2023-02-16,53.83,133
252,2023-02-21,23.37,131
253,2023-02-26,20.18,101
254,2023-02-20,87.28,185
255,2023-02-20,45.61,115
256,2023-02-19,5.0,111
257,2023-02-15,108.41,195
258,2023-02-13,48.81,177
259,2023-02-22,28.78,168
260,2023-02-22,61.99,138
261,2023-02-10,75.82,101
262,2023-02-22,73.37,152
263,2023-02-20,77.96,116
264,2023-02-26,40.6,198
265,2023-02-06,86.72,183
266,2023-02-19,88.08,114
267,2023-02-24,89.1,139
268,2023-02-24,65.16,175
269,2023-02-14,52.76,146
270,2023-02-09,51.03,118
271,2023-02-27,28.68,104
272,2023-02-06,49.22,129
273,2023-02-28,12.11,158
274,2023-02-01,26.27,108
275,2023-02-24,64.95,184
276,2023-02-16,54.93,164
277,2023-02-23,64.07,176
278,2023-02-21,74.14,136
279,2023-02-25,67.7,133
280,2023-02-10,65.93,148
281,2023-02-20,58.26,185
282,2023-02-13,44.93,190
283,2023-02-04,35.11,185
284,2023-02-17,49.72,149
285,2023-02-15,58.59,110
286,2023-02-28,61.02,191
287,2023-02-11,78.0,117
288,2023-02-09,56.81,119
289,2023-02-18,70.97,192
290,2023-02-12,31.04,130
291,2023-02-16,65.24,100
292,2023-02-05,63.8,170
293,2023-02-20,86.72,198
294,2023-02-25,54.95,147
295,2023-02-19,11.8,190
296,2023-02-08,54.12,196
297,2023-02-13,74.29,186
298,2023-02-15,36.47,173
299,2023-02-19,64.71,155
300,2023-02-12,35.55,196
301,2023-02-05,96.43,128
302,2023-02-28,51.52,174
303,2023-02-01,34.38,112
304,2023-02-15,49.59,177
305,2023-02-25,64.83,198
306,2023-02-10,70.31,197
307,2023-02-03,85.49,179
308,2023-02-07,47.27,155
309,2023-02-08,75.26,192
310,2023-02-07,26.29,103
311,2023-02-27,39.31,104
312,2023-02-27,31.53,167
313,2023-02-19,43.87,177
314,2023-02-21,74.28,173
315,2023-02-11,47.72,104
316,2023-02-03,51.19,162
317,2023-02-13,65.38,100
318,2023-02-08,69.42,167
319,2023-02-22,51.77,140
320,2023-02-18,39.19,167
321,2023-02-12,92.22,185
322,2023-02-22,51.89,185
323,2023-02-20,53.79,159
324,2023-02-04,56.2,127
325,2023-02-25,71.59,118
326,2023-02-19,30.11,134
327,2023-02-12,101.05,180
328,2023-02-18,53.25,129
329,2023-02-15,72.31,113
330,2023-02-06,34.58,199
331,2023-02-21,63.29,159
332,2023-02-14,96.96,191
333,2023-02-10,93.36,113
334,2023-02-03,71.75,106
335,2023-02-16,42.62,101
336,2023-02-27,84.25,163
337,2023-02-13,26.16,142
338,2023-02-27,41.95,175
339,2023-02-28,58.37,128
340,2023-02-11,27.69,123
341,2023-02-25,49.55,190
342,2023-02-28,75.7,174
343,2023-02-18,45.72,165
344,2023-02-24,76.72,124
345,2023-02-05,107.65,115
346,2023-02-02,67.75,156
347,2023-02-17,76.34,178
348,2023-02-25,85.03,147
349,2023-02-17,51.29,167
350,2023-02-14,75.82,118
351,2023-02-09,50.82,110
352,2023-02-09,66.28,195
353,2023-02-27,79.04,143
354,2023-02-27,43.47,195
355,2023-02-09,13.59,104
356,2023-02-17,41.7,106
357,2023-02-08,82.26,151
358,2023-02-02,39.38,105
359,2023-02-18,80.98,138
360,2023-02-26,41.79,169
361,2023-02-28,55.57,130
362,2023-02-07,59.73,141
363,2023-02-09,39.3,111
364,2023-02-05,55.79,100
365,2023-02-08,28.73,148
366,2023-02-12,52.98,143
367,2023-02-14,58.08,184
368,2023-02-07,14.39,132
369,2023-02-26,41.54,147
370,2023-02-10,65.65,122
371,2023-02-07,37.2,193
372,2023-02-14,68.96,146
373,2023-02-06,70.97,115
374,2023-02-09,65.56,113
375,2023-02-03,75.56,100
376,2023-02-23,27.6,103
377,2023-02-20,80.03,162
378,2023-02-03,39.59,156
379,2023-02-20,61.98,184
380,2023-02-08,95.95,185
381,2023-02-13,52.57,116
382,2023-02-28,60.23,185
383,2023-02-07,39.7,191
384,2023-02-28,95.7,160
385,2023-02-03,41.58,136
386,2023-02-05,72.79,131
387,2023-02-04,84.99,160
388,2023-02-15,74.8,141
389,2023-02-24,66.82,107
390,2023-02-21,61.67,134
391,2023-02-20,34.4,116
392,2023-02-24,94.58,170
393,2023-02-24,65.1,131
394,2023-02-05,60.24,159
395,2023-02-22,38.13,114
396,2023-02-02,61.21,117
397,2023-02-04,58.98,199
398,2023-02-26,95.95,101
399,2023-02-17,60.23,158
400,2023-02-17,60.88,189
401,2023-02-12,38.35,153
402,2023-02-06,45.08,127
403,2023-02-13,70.22,159
404,2023-02-10,24.27,166
405,2023-02-06,79.91,101
406,2023-02-05,80.52,123
407,2023-02-24,43.1,125
408,2023-02-06,66.89,155
409,2023-02-22,85.75,167
410,2023-02-22,57.36,156
411,2023-02-21,53.62,198
412,2023-02-26,55.96,151
413,2023-02-01,65.06,179
414,2023-02-12,47.44,140
415,2023-02-22,51.96,188
416,2023-02-05,65.46,168
417,2023-02-11,50.38,196
418,2023-02-20,36.76,119
419,2023-02-10,22.76,146
420,2023-02-19,60.62,187
421,2023-02-12,84.28,151
422,2023-02-19,67.92,173
423,2023-02-27,37.44,156
424,2023-02-22,44.94,190
425,2023-02-25,53.47,179
426,2023-02-01,96.75,120
427,2023-02-13,98.1,102
428,2023-02-28,95.07,137
429,2023-02-27,62.62,188
430,2023-03-20,128.58,131
431,2023-03-18,50.85,158
432,2023-03-01,57.76,160
433,2023-03-16,83.17,146
434,2023-03-11,70.57,137
435,2023-03-24,71.73,113
436,2023-03-10,26.26,168
437,2023-03-01,45.36,195
438,2023-03-07,63.83,109
439,2023-03-19,51.13,188
440,2023-03-15,38.16,120
441,2023-03-15,53.3,152
442,2023-03-15,70.58,125
443,2023-03-01,79.49,148
444,2023-03-08,27.16,165
445,2023-03-28,64.75,111
446,2023-03-05,62.93,129
447,2023-03-10,69.51,187
448,2023-03-04,42.78,198
449,2023-03-12,43.13,195
450,2023-03-13,89.9,113
451,2023-03-07,14.97,155
452,2023-03-26,48.34,184
453,2023-03-13,56.83,154
454,2023-03-03,58.77,125
455,2023-03-04,51.48,185
456,2023-03-17,74.58,173
457,2023-03-27,72.79,137
458,2023-03-04,62.05,176
459,2023-03-02,52.56,120
460,2023-03-13,60.49,112
461,2023-03-23,66.4,110
462,2023-03-06,49.96,184
463,2023-03-21,76.11,141
464,2023-03-06,84.75,124
465,2023-03-05,93.73,185
466,2023-03-17,92.27,153
467,2023-03-11,58.64,124
468,2023-03-02,67.38,194
469,2023-03-01,61.68,177
470,2023-03-09,61.61,149
471,2023-03-13,60.35,153
472,2023-03-12,65.12,113
473,2023-03-06,88.31,195
474,2023-03-26,71.19,195
475,2023-03-12,41.98,155
476,2023-03-06,83.81,125
477,2023-03-12,69.23,111
478,2023-03-01,74.82,132
479,2023-03-03,70.79,146
480,2023-03-17,71.72,153
481,2023-03-27,72.66,198
482,2023-03-26,30.53,174
483,2023-03-27,74.55,115
484,2023-03-22,50.76,134
485,2023-03-29,55.32,134
486,2023-03-21,64.96,162
487,2023-03-20,97.34,179
488,2023-03-07,44.95,192
489,2023-03-09,64.29,163
490,2023-03-18,59.88,199
491,2023-03-28,83.49,106
492,2023-03-25,59.34,112
493,2023-03-25,69.46,163
494,2023-03-05,45.01,192
495,2023-03-13,87.09,172
496,2023-03-10,36.66,165
497,2023-03-03,74.27,147
498,2023-03-17,69.59,134
499,2023-03-03,72.49,167
500,2023-03-19,36.91,104
501,2023-03-09,58.95,189
502,2023-03-24,82.41,165
503,2023-03-12,100.89,194
504,2023-03-23,62.81,173
505,2023-03-28,80.34,156
506,2023-03-19,67.62,150
507,2023-03-11,63.81,141
508,2023-03-13,56.71,134
509,2023-03-15,65.06,144
510,2023-03-26,78.4,109
511,2023-03-05,80.12,165
512,2023-03-10,40.3,101
513,2023-03-25,54.99,119
514,2023-03-30,44.1,186
515,2023-03-29,66.04,166
516,2023-03-28,58.26,127
517,2023-03-09,71.8,128
518,2023-03-29,73.2,191
519,2023-03-30,22.84,154
520,2023-03-24,21.4,195
521,2023-03-24,64.91,125
522,2023-03-02,88.75,132
523,2023-03-17,54.99,139
524,2023-03-17,54.44,102
525,2023-03-22,84.72,187
526,2023-03-12,81.11,144
527,2023-03-27,45.9,185
528,2023-03-27,78.97,154
529,2023-03-14,49.75,163
530,2023-03-26,54.25,124
531,2023-03-30,45.89,192
532,2023-03-30,40.16,197
533,2023-03-31,67.19,176
534,2023-03-04,37.45,148
535,2023-03-22,68.0,124
536,2023-03-20,67.37,128
537,2023-03-15,61.93,158
538,2023-03-09,55.87,121
539,2023-03-10,52.11,186
540,2023-03-12,43.56,100
541,2023-03-15,93.9,179
542,2023-03-08,61.06,113
543,2023-03-19,60.41,111
544,2023-03-14,46.74,199
545,2023-03-30,91.38,115
546,2023-03-13,53.27,161
547,2023-03-09,69.88,198
548,2023-03-30,73.65,113
549,2023-03-08,67.21,127
550,2023-03-07,37.04,166
551,2023-03-23,78.06,183
552,2023-03-05,53.08,142
553,2023-03-08,80.9,150
554,2023-03-25,51.88,165
555,2023-03-01,63.66,199
556,2023-03-04,74.89,109
557,2023-03-04,89.84,197
558,2023-03-10,77.28,146
559,2023-03-07,75.39,105
560,2023-03-24,79.01,135
561,2023-03-22,49.11,183
562,2023-03-30,81.8,141
563,2023-03-08,59.57,174
564,2023-03-06,60.19,149
565,2023-03-09,66.58,114
566,2023-03-29,57.77,109
567,2023-03-10,45.23,153
568,2023-03-16,65.06,105
569,2023-03-03,60.28,143
570,2023-03-04,59.6,103
571,2023-03-24,63.03,182
572,2023-03-01,23.05,114
573,2023-03-09,59.74,182
574,2023-03-15,92.63,181
575,2023-03-14,90.77,139
576,2023-03-19,65.74,125
577,2023-03-07,65.08,150
578,2023-03-23,18.61,146
579,2023-03-13,54.14,121
580,2023-03-21,78.8,175
581,2023-03-24,57.32,108
582,2023-03-06,85.6,117
583,2023-03-02,84.25,139
584,2023-03-27,53.77,113
585,2023-03-06,67.21,144
586,2023-03-06,94.46,187
587,2023-03-30,36.65,187
588,2023-03-20,57.73,122
589,2023-03-30,34.85,128
590,2023-03-01,47.78,156
591,2023-03-12,101.03,182
592,2023-03-15,57.73,102
593,2023-03-29,26.84,160
594,2023-03-20,45.04,126
595,2023-03-09,33.0,175
596,2023-03-11,67.97,156
597,2023-03-24,73.35,127
598,2023-03-06,82.09,131
599,2023-03-20,77.66,167
600,2023-03-12,37.47,100
601,2023-03-19,72.31,189
602,2023-03-25,62.18,117
603,2023-03-03,85.15,146
604,2023-03-27,80.0,193
605,2023-03-11,104.21,121
606,2023-03-15,46.47,119
607,2023-03-01,43.83,121
608,2023-03-13,55.28,120
609,2023-03-17,62.95,117
610,2023-03-21,51.52,186
611,2023-03-11,47.41,136
612,2023-03-17,70.95,135
613,2023-03-29,55.22,161
614,2023-03-25,50.73,188
615,2023-03-22,37.44,109
616,2023-03-02,20.0,111
617,2023-03-13,91.5,112
618,2023-03-30,90.81,175
619,2023-03-22,80.65,152
620,2023-03-14,75.48,104
621,2023-03-02,53.47,132
622,2023-03-03,76.32,157
623,2023-03-29,42.54,117
624,2023-03-11,66.73,149
625,2023-03-25,49.15,139
626,2023-03-15,76.41,112
627,2023-03-07,96.04,119
628,2023-03-25,44.97,186
629,2023-03-18,54.38,135
630,2023-03-14,66.36,143
631,2023-03-12,28.85,192
632,2023-03-23,33.81,139
633,2023-03-09,95.34,145
634,2023-03-12,71.04,146
635,2023-03-11,52.43,155
636,2023-03-31,64.23,134
637,2023-03-17,55.36,109
638,2023-03-16,66.95,172
639,2023-03-27,56.06,121
640,2023-03-24,62.69,175
641,2023-03-17,78.24,182
642,2023-03-06,76.87,159
643,2023-03-31,93.99,105
644,2023-03-27,72.46,139
645,2023-03-29,65.47,157
646,2023-03-20,97.4,103
647,2023-03-29,60.64,156
648,2023-03-11,21.59,174
649,2023-03-08,80.92,149
650,2023-03-15,70.01,100
651,2023-03-30,64.54,133
652,2023-03-31,81.48,137
653,2023-03-02,56.22,127
654,2023-03-14,22.42,177
655,2023-03-07,81.91,153
656,2023-03-03,51.77,196
657,2023-03-27,45.69,118
658,2023-03-30,23.31,187
659,2023-03-13,80.08,181
660,2023-03-08,15.39,156
661,2023-03-23,89.66,160
662,2023-03-29,58.05,136
663,2023-03-04,81.09,111
664,2023-03-07,73.08,183
665,2023-03-22,101.72,130
666,2023-03-03,72.52,102
667,2023-03-16,88.81,146
668,2023-03-18,53.78,116
669,2023-03-04,33.74,137
670,2023-03-05,84.35,104
671,2023-03-30,33.22,152
672,2023-03-14,79.84,113
673,2023-03-16,43.5,134
674,2023-03-16,70.4,194
675,2023-03-07,102.19,180
676,2023-03-08,78.16,108
677,2023-03-31,60.72,187
678,2023-04-11,78.56,142
679,2023-04-11,59.47,103
680,2023-04-12,116.2,199
681,2023-04-20,55.35,104
682,2023-04-17,67.82,130
683,2023-04-12,81.25,104
684,2023-04-23,77.05,183
685,2023-04-01,79.32,183
686,2023-04-22,59.86,153
687,2023-04-27,64.92,156
688,2023-04-24,88.33,144
689,2023-04-06,87.24,196
690,2023-04-24,77.54,118
691,2023-04-06,96.57,196
692,2023-04-21,89.19,186
693,2023-04-17,86.58,183
694,2023-04-19,37.89,184
695,2023-04-19,77.29,112
696,2023-04-10,73.55,154
697,2023-04-29,99.47,189
698,2023-04-14,12.66,170
699,2023-04-14,66.71,145
700,2023-04-09,71.88,136
701,2023-04-04,48.27,108
702,2023-04-18,51.68,177
703,2023-04-06,99.55,193
704,2023-04-03,79.24,103
705,2023-04-26,107.25,120
706,2023-04-25,66.35,121
707,2023-04-20,41.8,193
708,2023-04-02,63.52,123
709,2023-04-11,60.17,115
710,2023-04-05,83.89,119
711,2023-04-11,83.03,191
712,2023-04-20,80.26,162
713,2023-04-16,114.59,180
714,2023-04-20,95.22,186
715,2023-04-04,52.96,134
716,2023-04-15,89.91,122
717,2023-04-19,70.56,194
718,2023-04-10,65.81,177
719,2023-04-13,98.02,118
720,2023-04-06,51.77,165
721,2023-04-05,88.42,143
722,2023-04-24,84.91,172
723,2023-04-22,51.42,193
724,2023-04-25,37.29,110
725,2023-04-16,68.33,151
726,2023-04-29,10.89,143
727,2023-04-03,92.42,148
728,2023-04-28,77.21,142
729,2023-04-23,98.77,159
730,2023-04-22,75.8,163
731,2023-04-18,100.33,198
732,2023-04-15,58.14,189
733,2023-04-22,80.2,106
734,2023-04-22,62.1,164
735,2023-04-28,67.72,142
736,2023-04-06,71.81,185
737,2023-04-10,77.15,134
738,2023-04-24,55.51,167
739,2023-04-22,79.19,137
740,2023-04-19,70.81,181
741,2023-04-02,42.79,173
742,2023-04-16,34.65,121
743,2023-04-11,92.5,113
744,2023-04-12,24.79,162
745,2023-04-07,66.74,189
746,2023-04-17,40.86,111
747,2023-04-25,104.12,115
748,2023-04-12,81.27,129
749,2023-04-06,76.6,188
750,2023-04-06,53.81,170
751,2023-04-23,42.54,135
752,2023-04-25,73.57,114
753,2023-04-08,69.55,130
754,2023-04-22,48.57,155
755,2023-04-05,47.92,106
756,2023-04-08,47.0,178
757,2023-04-04,46.37,181
758,2023-04-14,57.51,182
759,2023-04-11,76.61,136
760,2023-04-07,79.97,146
761,2023-04-22,69.14,124
762,2023-04-06,72.65,131
763,2023-04-11,80.96,113
764,2023-04-22,30.05,130
765,2023-04-28,74.21,123
766,2023-04-02,96.24,193
767,2023-04-19,31.31,164
768,2023-04-19,15.01,199
769,2023-04-14,66.23,188
770,2023-04-16,91.58,179
771,2023-04-23,66.59,108
772,2023-04-18,82.35,147
773,2023-04-15,76.19,140
774,2023-04-23,46.7,155
775,2023-04-30,50.81,110
776,2023-04-06,36.25,179
777,2023-04-24,100.33,199
778,2023-04-04,86.8,188
779,2023-04-04,67.9,140
780,2023-04-25,65.27,160
781,2023-04-13,53.94,134
782,2023-04-19,77.91,129
783,2023-04-07,55.51,119
784,2023-04-19,62.69,194
785,2023-04-02,57.43,183
786,2023-04-21,85.43,119
787,2023-04-07,67.08,181
788,2023-04-28,72.8,191
789,2023-04-09,47.06,167
790,2023-04-13,57.3,123
791,2023-04-11,73.24,196
792,2023-04-01,38.26,142
793,2023-04-21,65.6,125
794,2023-04-19,69.74,177
795,2023-04-23,44.75,183
796,2023-04-21,90.58,100
797,2023-04-11,76.91,199
798,2023-04-07,66.94,120
799,2023-04-22,55.94,180
800,2023-04-05,37.58,139
801,2023-04-05,88.86,137
802,2023-04-06,60.89,119
803,2023-04-14,41.8,147
804,2023-04-16,55.41,164
805,2023-04-05,79.05,198
806,2023-04-20,74.77,140
807,2023-04-03,48.65,124
808,2023-04-03,92.65,175
809,2023-04-13,41.56,146
810,2023-04-06,97.16,118
811,2023-04-08,73.91,128
812,2023-04-07,62.32,190
813,2023-04-20,64.95,126
814,2023-04-04,71.57,125
815,2023-04-01,80.64,194
816,2023-04-28,34.46,122
817,2023-04-19,54.8,139
818,2023-04-03,70.93,116
819,2023-04-14,93.51,178
820,2023-04-12,92.64,191
821,2023-04-08,101.81,184
822,2023-04-16,91.56,105
823,2023-04-17,53.38,130
824,2023-04-17,69.66,175
825,2023-04-04,91.69,178
826,2023-04-04,89.48,172
827,2023-04-02,65.92,187
828,2023-04-30,80.06,174
829,2023-04-05,60.78,174
830,2023-04-13,40.16,111
831,2023-04-10,67.62,150
832,2023-04-16,66.43,158
833,2023-04-25,59.87,178
834,2023-04-24,80.73,124
835,2023-04-09,65.27,167
836,2023-04-24,77.77,118
837,2023-04-14,85.04,196
838,2023-04-25,117.74,191
839,2023-04-12,67.95,135
840,2023-04-20,93.83,147
841,2023-04-07,74.48,109
842,2023-04-19,75.64,187
843,2023-04-16,68.21,178
844,2023-04-19,72.7,197
845,2023-04-24,65.45,130
846,2023-04-07,89.77,133
847,2023-04-09,55.48,165
848,2023-04-29,39.99,102
849,2023-04-28,59.24,171
850,2023-04-19,57.21,149
851,2023-04-14,59.23,134
852,2023-04-23,67.17,103
853,2023-04-13,59.3,194
854,2023-04-11,66.9,174
855,2023-04-16,59.36,186
856,2023-04-09,78.2,121
857,2023-04-13,117.49,177
858,2023-04-24,74.07,123
859,2023-04-11,60.13,195
860,2023-04-04,23.49,163
861,2023-04-28,108.06,153
862,2023-04-04,75.2,144
863,2023-04-10,66.72,120
864,2023-04-26,24.49,181
865,2023-04-30,67.74,157
866,2023-04-08,72.53,197
867,2023-04-21,59.43,192
868,2023-04-25,43.23,116
869,2023-04-04,42.05,109
870,2023-04-12,108.46,107
871,2023-04-03,71.95,107
872,2023-04-16,59.41,182
873,2023-04-03,70.75,177
874,2023-04-13,69.38,188
875,2023-04-14,41.16,152
876,2023-04-13,88.29,144
877,2023-04-06,66.21,146
878,2023-04-13,72.23,179
879,2023-04-13,99.55,115
880,2023-04-24,43.76,184
881,2023-04-29,54.51,168
882,2023-04-27,76.28,107
883,2023-04-07,87.86,130
884,2023-04-14,57.62,168
885,2023-04-04,58.69,129
886,2023-04-08,82.58,128
887,2023-04-09,115.35,162
888,2023-04-05,71.41,162
889,2023-04-10,54.45,169
890,2023-04-17,48.86,168
891,2023-04-23,67.11,144
892,2023-04-14,86.84,108
893,2023-05-11,131.19,144
894,2023-05-24,68.78,123
895,2023-05-15,76.44,154
896,2023-05-30,109.12,147
897,2023-05-03,80.94,161
898,2023-05-29,79.21,149
899,2023-05-20,104.25,160
900,2023-05-04,76.91,107
901,2023-05-21,55.33,148
902,2023-05-11,99.26,149
903,2023-05-31,43.16,196
904,2023-05-19,95.31,118
905,2023-05-05,74.84,109
906,2023-05-21,68.98,143
907,2023-05-17,68.49,173
908,2023-05-07,72.04,156
909,2023-05-04,66.14,194
910,2023-05-13,83.85,162
911,2023-05-13,66.81,164
912,2023-05-09,36.58,175
913,2023-05-08,74.99,190
914,2023-05-05,94.21,175
915,2023-05-12,35.52,199
916,2023-05-23,74.86,128
917,2023-05-22,65.76,126
918,2023-05-24,93.65,199
919,2023-05-04,69.78,152
920,2023-05-23,90.38,185
921,2023-05-10,87.89,120
922,2023-05-21,88.48,183
923,2023-05-30,106.18,143
924,2023-05-14,70.47,198
925,2023-05-19,76.15,179
926,2023-05-02,83.29,132
927,2023-05-03,76.76,156
928,2023-05-18,69.83,163
929,2023-05-22,56.99,174
930,2023-05-14,75.22,133
931,2023-05-14,45.05,118
932,2023-05-31,34.25,144
933,2023-05-04,52.63,175
934,2023-05-06,88.23,102
935,2023-05-04,79.63,117
936,2023-05-28,88.44,127
937,2023-05-01,61.16,105
938,2023-05-25,95.87,102
939,2023-05-04,47.06,115
940,2023-05-08,53.31,144
941,2023-05-12,95.48,107
942,2023-05-20,78.14,189
943,2023-05-17,88.57,117
944,2023-05-11,79.71,154
945,2023-05-28,63.76,120
946,2023-05-05,51.11,172
947,2023-05-30,38.43,195
948,2023-05-18,111.18,130
949,2023-05-24,42.48,135
950,2023-05-23,103.44,104
951,2023-05-15,77.03,171
952,2023-05-11,80.33,143
953,2023-05-08,78.99,161
954,2023-05-17,85.86,181
955,2023-05-02,59.34,110
956,2023-05-20,31.88,160
957,2023-05-06,63.37,104
958,2023-05-18,84.06,145
959,2023-05-03,53.49,117
960,2023-05-18,96.43,192
961,2023-05-19,72.4,192
962,2023-05-10,51.78,192
963,2023-05-16,77.95,101
964,2023-05-23,83.71,197
965,2023-05-08,85.2,197
966,2023-05-25,16.66,107
967,2023-05-02,14.05,161
968,2023-05-15,95.51,141
969,2023-05-16,45.68,115
970,2023-05-22,95.54,107
971,2023-05-06,97.58,184
972,2023-05-23,51.15,150
973,2023-05-29,54.66,196
974,2023-05-01,89.65,136
975,2023-05-12,66.93,121
976,2023-05-19,100.87,194
977,2023-05-04,107.08,121
978,2023-05-21,51.76,137
979,2023-05-25,58.97,124
980,2023-05-15,76.9,192
981,2023-05-03,31.39,169
982,2023-05-17,38.94,115
983,2023-05-21,56.82,167
984,2023-05-10,115.02,107
985,2023-05-24,79.91,175
986,2023-05-16,61.92,133
987,2023-05-23,54.51,152
988,2023-05-02,50.95,144
989,2023-05-08,63.28,165
990,2023-05-11,62.19,188
991,2023-05-09,70.28,114
992,2023-05-06,84.7,168
993,2023-05-17,73.23,128
994,2023-05-07,90.93,144
995,2023-05-17,68.87,152
996,2023-05-14,108.93,103
997,2023-05-10,90.4,137
998,2023-05-24,79.35,110
999,2023-05-15,84.77,124
1000,2023-05-11,63.79,139
1001,2023-05-01,69.96,137
1002,2023-05-07,69.2,159
1003,2023-05-20,59.66,151
1004,2023-05-27,47.8,142
1005,2023-05-04,85.91,178
1006,2023-05-11,94.3,102
1007,2023-05-08,82.84,176
1008,2023-05-24,73.17,178
1009,2023-05-09,119.28,192
1010,2023-05-23,61.68,104
1011,2023-05-30,80.04,154
1012,2023-05-25,97.45,133
1013,2023-05-06,52.78,101
1014,2023-05-04,87.51,184
1015,2023-05-01,110.54,147
1016,2023-05-10,74.8,147
1017,2023-05-23,78.19,194
1018,2023-05-25,61.79,150
1019,2023-05-17,84.53,142
1020,2023-05-23,59.2,150
1021,2023-05-31,73.6,125
1022,2023-05-23,45.56,185
1023,2023-05-04,22.96,127
1024,2023-05-27,65.44,138
1025,2023-05-29,65.13,197
1026,2023-05-22,67.06,130
1027,2023-05-13,89.74,139
1028,2023-05-23,94.93,168
1029,2023-05-16,80.89,167
1030,2023-05-16,88.2,135
1031,2023-05-10,59.73,171
1032,2023-05-21,55.11,136
1033,2023-05-02,84.96,157
1034,2023-05-02,52.54,190
1035,2023-05-23,50.51,103
1036,2023-05-18,132.15,112
1037,2023-05-22,76.08,174
1038,2023-05-10,65.14,180
1039,2023-05-08,62.95,160
1040,2023-05-13,46.06,171
1041,2023-05-16,80.46,134
1042,2023-05-04,68.82,151
1043,2023-05-25,94.29,117
1044,2023-05-11,85.61,101
1045,2023-05-19,68.16,126
1046,2023-05-30,35.45,110
1047,2023-05-11,76.13,127
1048,2023-05-09,74.31,119
1049,2023-05-13,31.88,138
1050,2023-05-11,83.15,132
1051,2023-05-19,51.93,102
1052,2023-05-10,95.45,175
1053,2023-05-11,73.09,192
1054,2023-05-25,62.41,153
1055,2023-05-02,78.9,177
1056,2023-05-23,77.64,184
1057,2023-05-06,76.89,143
1058,2023-05-23,92.42,180
1059,2023-05-03,38.84,192
1060,2023-05-29,80.13,199
1061,2023-05-02,60.72,109
1062,2023-05-05,69.41,103
1063,2023-05-23,103.02,179
1064,2023-05-17,59.04,185
1065,2023-05-24,82.81,127
1066,2023-05-27,93.22,104
1067,2023-05-15,84.79,126
1068,2023-05-27,76.25,142
1069,2023-05-06,79.3,127
1070,2023-05-29,86.1,142
1071,2023-05-23,58.82,150
1072,2023-05-15,74.44,125
1073,2023-05-02,119.13,115
1074,2023-05-19,83.45,156
1075,2023-05-15,76.96,182
1076,2023-05-21,67.44,196
1077,2023-05-16,59.02,196
1078,2023-05-06,79.98,114
1079,2023-05-18,81.38,116
1080,2023-05-10,73.1,158
1081,2023-05-06,129.08,192
1082,2023-05-11,60.61,156
1083,2023-05-09,56.15,105
1084,2023-05-06,67.71,181
1085,2023-05-16,73.73,151
1086,2023-05-03,58.07,166
1087,2023-05-13,79.49,193
1088,2023-05-09,81.65,118
1089,2023-05-04,88.55,158
1090,2023-05-16,64.57,144
1091,2023-05-23,101.02,110
1092,2023-05-08,87.1,148
1093,2023-05-29,131.25,108
1094,2023-05-19,60.23,192
1095,2023-05-11,57.98,131
1096,2023-05-22,69.01,145
1097,2023-05-10,81.7,119
1098,2023-05-27,84.62,125
1099,2023-05-19,87.06,106
1100,2023-05-04,117.42,165
1101,2023-05-19,37.75,165
1102,2023-05-25,40.19,194
1103,2023-05-13,72.56,187
1104,2023-05-27,115.22,132
1105,2023-05-27,89.52,153
1106,2023-05-26,55.02,106
1107,2023-06-17,83.46,125
1108,2023-06-06,76.39,119
1109,2023-06-10,75.7,162
1110,2023-06-08,69.21,134
1111,2023-06-30,81.82,177
1112,2023-06-09,101.62,158
1113,2023-06-09,70.88,152
1114,2023-06-28,92.22,179
1115,2023-06-22,95.81,142
1116,2023-06-17,105.83,198
1117,2023-06-01,62.67,109
1118,2023-06-01,80.23,112
1119,2023-06-01,67.01,150
1120,2023-06-26,81.85,186
1121,2023-06-28,81.72,161
1122,2023-06-18,58.01,184
1123,2023-06-02,83.02,103
1124,2023-06-22,123.72,121
1125,2023-06-23,89.7,164
1126,2023-06-01,54.26,118
1127,2023-06-22,61.53,170
1128,2023-06-21,79.22,109
1129,2023-06-22,61.95,176
1130,2023-06-09,104.59,129
1131,2023-06-05,52.13,170
1132,2023-06-07,89.85,130
1133,2023-06-21,48.36,103
1134,2023-06-19,78.91,104
1135,2023-06-29,59.27,172
1136,2023-06-10,93.5,175
1137,2023-06-08,100.68,148
1138,2023-06-03,86.64,132
1139,2023-06-17,101.69,143
1140,2023-06-19,32.45,189
1141,2023-06-25,82.76,107
1142,2023-06-01,89.55,118
1143,2023-06-05,92.17,128
1144,2023-06-04,43.07,176
1145,2023-06-19,88.33,191
1146,2023-06-29,92.63,106
1147,2023-06-23,82.54,108
1148,2023-06-12,54.44,198
1149,2023-06-04,69.07,119
1150,2023-06-13,104.7,149
1151,2023-06-05,102.1,137
1152,2023-06-10,89.17,113
1153,2023-06-03,93.95,168
1154,2023-06-25,99.42,136
1155,2023-06-20,88.93,106
1156,2023-06-21,104.05,106
1157,2023-06-29,103.3,128
1158,2023-06-01,131.45,106
1159,2023-06-22,69.85,183
1160,2023-06-10,70.2,102
1161,2023-06-17,24.75,185
1162,2023-06-15,87.39,154
1163,2023-06-09,118.71,179
1164,2023-06-01,105.82,150
1165,2023-06-13,96.53,115
1166,2023-06-29,107.38,105
1167,2023-06-03,89.92,188
1168,2023-06-28,74.23,168
1169,2023-06-25,124.69,141
1170,2023-06-11,88.39,152
1171,2023-06-13,102.81,132
1172,2023-06-23,32.33,125
1173,2023-06-02,35.61,114
1174,2023-06-07,83.39,160
1175,2023-06-14,61.96,169
1176,2023-06-03,85.22,123
1177,2023-06-18,70.17,100
1178,2023-06-09,135.35,176
1179,2023-06-09,100.99,104
1180,2023-06-04,109.59,107
1181,2023-06-11,38.9,175
1182,2023-06-17,96.23,101
1183,2023-06-06,76.47,199
1184,2023-06-12,110.04,118
1185,2023-06-12,93.03,155
1186,2023-06-07,79.26,179
1187,2023-06-15,56.3,189
1188,2023-06-07,83.0,124
1189,2023-06-23,104.19,129
1190,2023-06-17,111.4,193
1191,2023-06-28,72.95,197
1192,2023-06-06,130.64,153
1193,2023-06-11,102.39,110
1194,2023-06-30,62.34,152
1195,2023-06-26,57.99,193
1196,2023-06-03,77.7,119
1197,2023-06-26,72.91,109
1198,2023-06-28,90.09,172
1199,2023-06-02,80.85,169
1200,2023-06-08,74.53,175
1201,2023-06-27,49.34,171
1202,2023-06-15,93.68,132
1203,2023-06-06,47.82,195
1204,2023-06-06,102.46,166
1205,2023-06-21,40.78,175
1206,2023-06-15,46.8,116
1207,2023-06-21,62.25,153
1208,2023-06-26,71.16,157
1209,2023-06-15,67.12,140
1210,2023-06-23,71.08,158
1211,2023-06-19,85.62,172
1212,2023-06-09,62.68,179
1213,2023-06-24,85.81,110
1214,2023-06-26,32.56,152
1215,2023-06-17,61.98,167
1216,2023-06-12,45.94,159
1217,2023-06-01,102.2,173
1218,2023-06-12,65.1,159
1219,2023-06-09,92.32,133
1220,2023-06-26,42.78,186
1221,2023-06-12,111.0,151
1222,2023-06-10,82.02,105
1223,2023-06-12,122.14,119
1224,2023-06-28,79.66,194
1225,2023-06-30,49.56,123
1226,2023-06-07,59.63,133
1227,2023-06-26,75.15,138
1228,2023-06-25,60.34,180
1229,2023-06-06,99.91,140
1230,2023-06-29,81.4,192
1231,2023-06-20,60.57,152
1232,2023-06-20,96.39,121
1233,2023-06-21,72.48,149
1234,2023-06-19,95.38,168
1235,2023-06-15,69.3,182
1236,2023-06-26,90.82,105
1237,2023-06-20,71.79,193
1238,2023-06-24,99.92,164
1239,2023-06-21,43.15,141
1240,2023-06-08,54.81,109
1241,2023-06-10,76.91,183
1242,2023-06-01,65.94,122
1243,2023-06-30,71.19,121
1244,2023-06-12,93.24,156
1245,2023-06-24,70.78,162
1246,2023-06-14,86.55,115
1247,2023-06-02,61.85,190
1248,2023-06-08,39.37,163
1249,2023-06-19,95.24,163
1250,2023-06-16,116.33,101
1251,2023-06-28,84.35,158
1252,2023-06-05,77.99,137
1253,2023-06-25,82.14,150
1254,2023-06-01,107.55,143
1255,2023-06-25,84.6,124
1256,2023-06-27,96.31,137
1257,2023-06-14,95.32,117
1258,2023-06-29,101.81,129
1259,2023-06-08,77.56,149
1260,2023-06-23,69.04,195
1261,2023-06-17,91.06,169
1262,2023-06-08,100.17,126
1263,2023-06-27,104.35,103
1264,2023-06-19,110.43,167
1265,2023-06-08,98.11,151
1266,2023-06-10,67.97,139
1267,2023-06-22,84.32,109
1268,2023-06-03,82.47,199
1269,2023-06-20,80.22,155
1270,2023-06-15,91.1,182
1271,2023-06-05,75.7,161
1272,2023-06-25,75.72,185
1273,2023-06-09,117.86,183
1274,2023-06-22,78.6,119
1275,2023-06-19,101.65,144
1276,2023-06-07,102.97,116
1277,2023-06-03,84.89,140
1278,2023-06-20,76.5,189
1279,2023-06-26,62.6,112
1280,2023-06-22,47.56,191
1281,2023-06-12,92.62,140
1282,2023-06-18,88.15,195
1283,2023-06-26,95.75,166
1284,2023-06-22,70.26,175
1285,2023-06-04,120.41,114
1286,2023-06-25,90.0,123
1287,2023-06-02,77.84,135
1288,2023-06-28,38.3,181
1289,2023-06-10,72.4,177
1290,2023-06-05,96.79,149
1291,2023-06-12,109.8,186
1292,2023-06-28,80.92,190
1293,2023-06-28,113.65,195
1294,2023-06-18,61.17,193
1295,2023-06-05,88.79,142
1296,2023-06-11,89.39,134
1297,2023-06-21,92.8,124
1298,2023-06-18,83.66,149
1299,2023-06-17,87.63,163
1300,2023-06-06,60.72,142
1301,2023-06-19,107.45,120
1302,2023-06-12,99.36,119
1303,2023-06-25,86.8,175
1304,2023-06-09,99.89,186
1305,2023-06-25,108.2,188
1306,2023-06-28,92.48,179
1307,2023-06-06,123.17,184
1308,2023-06-06,94.26,142
1309,2023-06-12,63.55,174
1310,2023-06-28,85.74,192
1311,2023-06-13,100.77,156
1312,2023-06-23,108.23,122
1313,2023-06-21,84.09,139
1314,2023-06-17,62.05,124
1315,2023-06-17,76.07,180
1316,2023-06-19,53.38,107
1317,2023-06-12,96.47,146
1318,2023-06-18,72.16,144
1319,2023-06-15,66.42,147
1320,2023-06-07,98.61,150
1321,2023-06-24,113.15,181
1322,2023-06-02,66.34,134
1323,2023-06-18,84.23,185
1324,2023-06-03,76.9,158
1325,2023-06-24,109.32,173
1326,2023-06-23,79.15,167
1327,2023-06-15,60.28,151
1328,2023-06-12,80.11,138
1329,2023-06-08,104.15,198
1330,2023-06-17,75.72,103
1331,2023-06-29,68.3,187
1332,2023-06-21,78.24,153
1333,2023-06-22,60.86,181
1334,2023-06-01,76.87,146
1335,2023-06-10,69.73,122
1336,2023-06-17,127.85,164
1337,2023-06-03,42.04,124
1338,2023-06-01,63.46,186
1339,2023-06-10,68.28,150
1340,2023-06-13,60.99,101
1341,2023-06-16,89.0,151
1342,2023-06-08,66.0,135
1343,2023-06-13,51.42,116
1344,2023-06-26,82.38,178
1345,2023-06-05,74.57,139
1346,2023-06-27,66.89,100
1347,2023-06-06,108.72,155
1348,2023-06-17,89.7,127
1349,2023-06-24,87.31,118
1350,2023-06-08,90.17,170
1351,2023-06-30,89.08,109
1352,2023-06-17,75.57,117
1353,2023-06-26,66.2,136
1354,2023-06-06,82.82,120
1355,2023-06-24,75.2,149
1356,2023-06-29,41.8,122
1357,2023-06-16,59.36,183
1358,2023-06-18,72.69,188
1359,2023-06-28,99.09,186
1360,2023-06-16,82.91,167
1361,2023-06-14,62.76,165
1362,2023-06-19,57.76,110
1363,2023-06-01,103.72,107
1364,2023-06-16,76.48,144
1365,2023-06-02,22.77,184
1366,2023-06-09,77.73,116
1367,2023-06-07,94.13,188
1368,2023-06-07,57.2,175
1369,2023-06-20,81.35,164
1370,2023-06-04,83.24,125
1371,2023-06-15,58.28,111
1372,2023-06-03,105.8,163
1373,2023-06-10,83.59,121
1374,2023-06-08,72.59,168
1375,2023-06-18,76.61,193
1376,2023-06-17,54.71,183
1377,2023-06-14,53.96,173
1378,2023-06-25,70.75,184
1379,2023-06-16,71.94,162
1380,2023-06-17,75.3,167
1381,2023-06-11,107.84,199
1382,2023-06-19,92.95,106
1383,2023-06-19,44.47,111
1384,2023-06-20,103.2,132
1385,2023-07-25,75.6,118
1386,2023-07-01,100.0,104
1387,2023-07-13,77.13,103
1388,2023-07-15,87.28,155
1389,2023-07-24,61.05,159
1390,2023-07-04,91.63,192
1391,2023-07-21,102.44,167
1392,2023-07-28,52.66,195
1393,2023-07-29,102.78,173
1394,2023-07-08,71.12,121
1395,2023-07-17,120.05,173
1396,2023-07-27,100.4,145
1397,2023-07-07,96.53,182
1398,2023-07-11,81.72,164
1399,2023-07-16,137.69,127
1400,2023-07-19,75.72,104
1401,2023-07-12,64.78,143
1402,2023-07-24,71.78,124
1403,2023-07-12,106.32,158
1404,2023-07-19,86.89,106
1405,2023-07-23,83.87,137
1406,2023-07-09,76.01,143
1407,2023-07-13,82.83,132
1408,2023-07-09,74.67,193
1409,2023-07-30,98.51,143
1410,2023-07-31,79.85,141
1411,2023-07-07,72.13,131
1412,2023-07-13,104.4,141
1413,2023-07-27,65.36,141
1414,2023-07-10,87.17,193
1415,2023-07-24,46.69,162
1416,2023-07-01,57.48,102
1417,2023-07-28,77.71,121
1418,2023-07-05,74.32,140
1419,2023-07-17,74.29,100
1420,2023-07-07,100.6,109
1421,2023-07-10,101.86,132
1422,2023-07-11,90.98,122
1423,2023-07-16,64.38,194
1424,2023-07-22,82.67,112
1425,2023-07-28,123.49,198
1426,2023-07-21,134.88,161
1427,2023-07-23,104.61,108
1428,2023-07-13,65.09,120
1429,2023-07-18,82.85,142
1430,2023-07-14,89.61,193
1431,2023-07-14,86.51,199
1432,2023-07-21,106.92,164
1433,2023-07-19,99.64,105
1434,2023-07-13,64.09,156
1435,2023-07-28,72.58,114
1436,2023-07-05,104.52,167
1437,2023-07-11,113.62,115
1438,2023-07-08,89.87,185
1439,2023-07-09,116.51,170
1440,2023-07-18,87.52,100
1441,2023-07-04,67.2,167
1442,2023-07-06,97.66,158
1443,2023-07-13,146.19,158
1444,2023-07-11,59.85,169
1445,2023-07-18,115.59,120
1446,2023-07-23,96.44,188
1447,2023-07-25,71.45,147
1448,2023-07-23,47.1,108
1449,2023-07-21,40.14,101
1450,2023-07-26,74.26,122
1451,2023-07-31,92.93,116
1452,2023-07-24,102.88,141
1453,2023-07-17,107.82,179
1454,2023-07-21,91.07,187
1455,2023-07-03,87.83,177
1456,2023-07-15,78.35,191
1457,2023-07-07,93.43,133
1458,2023-07-17,71.74,101
1459,2023-07-21,60.79,196
1460,2023-07-24,86.57,159
1461,2023-07-29,101.17,154
1462,2023-07-26,56.87,128
1463,2023-07-31,74.26,118
1464,2023-07-07,85.82,165
1465,2023-07-09,85.4,193
1466,2023-07-13,95.88,181
1467,2023-07-22,122.76,171
1468,2023-07-19,40.3,187
1469,2023-07-26,123.89,127
1470,2023-07-23,121.62,160
1471,2023-07-24,103.24,124
1472,2023-07-30,89.49,154
1473,2023-07-07,72.11,161
1474,2023-07-29,102.97,182
1475,2023-07-29,90.54,154
1476,2023-07-02,78.77,147
1477,2023-07-05,102.39,121
1478,2023-07-24,106.13,109
1479,2023-07-20,30.21,159
1480,2023-07-09,113.43,174
1481,2023-07-13,69.99,177
1482,2023-07-17,110.3,111
1483,2023-07-24,79.13,175
1484,2023-07-10,89.54,188
1485,2023-07-14,93.45,169
1486,2023-07-28,108.39,170
1487,2023-07-08,100.1,109
1488,2023-07-14,78.44,123
1489,2023-07-11,42.44,174
1490,2023-07-04,95.62,157
1491,2023-07-13,88.69,114
1492,2023-07-27,59.62,185
1493,2023-07-20,91.09,137
1494,2023-07-12,85.57,106
1495,2023-07-12,113.2,123
1496,2023-07-04,125.63,170
1497,2023-07-29,105.56,100
1498,2023-07-18,84.39,163
1499,2023-07-08,87.38,192
1500,2023-07-14,69.31,144
1501,2023-07-10,72.8,164
1502,2023-07-25,83.21,124
1503,2023-07-16,81.09,109
1504,2023-07-01,58.57,178
1505,2023-07-27,113.45,149
1506,2023-07-07,116.72,115
1507,2023-07-16,112.67,126
1508,2023-07-25,117.55,144
1509,2023-07-06,132.8,188
1510,2023-07-03,69.67,144
1511,2023-07-21,131.62,118
1512,2023-07-03,78.32,144
1513,2023-07-17,98.75,196
1514,2023-07-17,54.04,172
1515,2023-07-01,75.75,190
1516,2023-07-01,106.21,161
1517,2023-07-24,99.79,126
1518,2023-07-07,77.94,111
1519,2023-07-10,87.37,178
1520,2023-07-17,73.67,131
1521,2023-07-15,106.14,145
1522,2023-07-25,44.11,191
1523,2023-07-13,115.02,196
1524,2023-07-28,69.76,104
1525,2023-07-10,85.26,139
1526,2023-07-30,57.83,195
1527,2023-07-02,90.46,195
1528,2023-07-10,96.44,164
1529,2023-07-18,92.14,133
1530,2023-07-14,94.74,118
1531,2023-07-09,83.08,130
1532,2023-07-12,83.56,171
1533,2023-07-01,82.62,145
1534,2023-07-05,75.16,115
1535,2023-07-26,77.53,127
1536,2023-07-21,95.46,116
1537,2023-07-25,113.47,133
1538,2023-07-02,66.32,119
1539,2023-07-09,83.48,154
1540,2023-07-20,62.23,168
1541,2023-07-04,75.51,142
1542,2023-07-17,78.68,109
1543,2023-07-09,88.98,172
1544,2023-07-18,88.41,184
1545,2023-07-03,85.08,177
1546,2023-07-01,93.71,130
1547,2023-08-15,73.09,199
1548,2023-08-09,94.16,182
1549,2023-08-02,105.41,173
1550,2023-08-05,72.86,185
1551,2023-08-11,55.49,100
1552,2023-08-10,110.96,135
1553,2023-08-13,67.82,118
1554,2023-08-02,79.55,107
1555,2023-08-25,104.79,191
1556,2023-08-25,71.89,198
1557,2023-08-30,109.39,114
1558,2023-08-03,76.7,160
1559,2023-08-08,74.32,109
1560,2023-08-17,67.32,107
1561,2023-08-10,76.87,198
1562,2023-08-06,101.83,171
1563,2023-08-15,79.56,167
1564,2023-08-04,111.05,186
1565,2023-08-22,90.89,100
1566,2023-08-20,92.64,193
1567,2023-08-26,73.74,149
1568,2023-08-01,114.31,105
1569,2023-08-30,105.59,172
1570,2023-08-05,104.98,114
1571,2023-08-10,86.94,119
1572,2023-08-08,65.03,155
1573,2023-08-07,93.71,164
1574,2023-08-08,100.92,155
1575,2023-08-18,101.13,115
1576,2023-08-17,98.26,176
1577,2023-08-26,97.39,191
1578,2023-08-17,76.61,192
1579,2023-08-03,77.53,100
1580,2023-08-07,67.5,110
1581,2023-08-20,111.31,135
1582,2023-08-31,129.44,179
1583,2023-08-21,150.64,114
1584,2023-08-19,95.1,101
1585,2023-08-03,97.45,133
1586,2023-08-17,87.72,181
1587,2023-08-09,94.78,169
1588,2023-08-25,71.82,180
1589,2023-08-15,87.32,119
1590,2023-08-11,74.47,148
1591,2023-08-08,84.73,111
1592,2023-08-12,76.04,109
1593,2023-08-01,100.93,113
1594,2023-08-08,103.53,128
1595,2023-08-23,96.81,132
1596,2023-08-30,77.61,156
1597,2023-08-25,66.23,129
1598,2023-08-28,103.77,155
1599,2023-08-09,90.79,180
1600,2023-08-10,54.77,147
1601,2023-08-16,93.54,155
1602,2023-08-30,97.6,148
1603,2023-08-09,60.04,180
1604,2023-08-26,101.3,130
1605,2023-08-07,62.64,104
1606,2023-08-05,75.54,169
1607,2023-08-01,62.76,147
1608,2023-08-02,73.56,122
1609,2023-08-31,66.39,176
1610,2023-08-11,111.17,114
1611,2023-08-10,85.87,159
1612,2023-08-22,81.63,170
1613,2023-08-18,113.27,181
1614,2023-08-13,112.09,153
1615,2023-08-30,83.14,110
1616,2023-08-15,96.41,103
1617,2023-08-04,79.03,109
1618,2023-08-26,88.77,163
1619,2023-08-05,69.5,142
1620,2023-08-05,99.33,143
1621,2023-08-20,114.17,172
1622,2023-08-17,110.04,149
1623,2023-08-01,91.71,196
1624,2023-08-30,53.12,149
1625,2023-08-05,78.16,102
1626,2023-08-15,88.75,131
1627,2023-08-27,64.04,199
1628,2023-08-11,60.94,104
1629,2023-08-07,120.2,102
1630,2023-08-10,107.4,107
1631,2023-08-25,100.92,193
1632,2023-08-25,104.83,161
1633,2023-08-16,66.97,106
1634,2023-08-27,72.95,110
1635,2023-08-25,95.16,131
1636,2023-08-31,96.74,143
1637,2023-08-05,63.0,180
1638,2023-08-07,93.72,184
1639,2023-08-03,89.11,184
1640,2023-08-18,109.32,122
1641,2023-08-15,96.84,127
1642,2023-08-03,122.89,124
1643,2023-08-06,83.25,135
1644,2023-08-18,68.16,188
1645,2023-08-28,122.24,152
1646,2023-08-23,97.9,182
1647,2023-08-06,89.22,110
1648,2023-08-14,73.63,167
1649,2023-08-05,83.48,158
1650,2023-08-11,82.46,139
1651,2023-08-17,67.36,111
1652,2023-08-01,47.8,132
1653,2023-08-10,82.01,135
1654,2023-08-29,105.37,148
1655,2023-08-06,116.09,166
1656,2023-08-06,110.18,134
1657,2023-08-27,111.47,159
1658,2023-08-22,69.43,133
1659,2023-08-11,95.55,164
1660,2023-08-12,101.08,144
1661,2023-08-17,102.41,103
1662,2023-08-01,88.78,116
1663,2023-08-23,93.03,142
1664,2023-08-21,131.24,191
1665,2023-08-10,109.52,195
1666,2023-08-05,100.32,186
1667,2023-08-21,104.08,155
1668,2023-08-18,81.12,168
1669,2023-08-30,102.95,194
1670,2023-08-05,92.76,126
1671,2023-08-13,107.26,169
1672,2023-08-21,76.6,102
1673,2023-08-27,105.48,192
1674,2023-08-23,83.74,111
1675,2023-08-15,105.58,164
1676,2023-08-17,95.68,183
1677,2023-08-16,91.28,190
1678,2023-08-26,84.77,181
1679,2023-08-12,89.31,125
1680,2023-08-23,82.05,110
1681,2023-08-31,84.37,113
1682,2023-08-17,99.76,105
1683,2023-08-20,57.44,123
1684,2023-08-02,105.28,178
1685,2023-08-03,105.64,185
1686,2023-08-16,85.35,134
1687,2023-08-04,93.55,140
1688,2023-08-11,71.66,152
1689,2023-08-28,98.41,187
1690,2023-08-14,73.89,182
1691,2023-08-06,35.92,155
1692,2023-08-14,115.2,124
1693,2023-08-05,69.61,156
1694,2023-08-14,88.88,132
1695,2023-08-19,94.31,159
1696,2023-08-24,99.71,118
1697,2023-08-28,90.6,136
1698,2023-08-05,96.06,133
1699,2023-08-22,84.9,175
1700,2023-08-30,60.46,182
1701,2023-08-26,89.83,155
1702,2023-08-01,102.5,103
1703,2023-08-20,70.7,178
1704,2023-08-07,94.52,190
1705,2023-08-03,127.57,179
1706,2023-08-15,88.53,178
1707,2023-08-12,89.53,128
1708,2023-08-03,59.01,179
1709,2023-08-13,68.53,130
1710,2023-08-25,74.09,196
1711,2023-08-16,101.68,144
1712,2023-08-15,71.92,140
1713,2023-08-22,52.84,143
1714,2023-08-14,97.98,190
1715,2023-08-10,75.74,156
1716,2023-08-11,59.69,170
1717,2023-08-29,104.19,156
1718,2023-08-07,82.67,174
1719,2023-08-10,99.87,174
1720,2023-08-20,59.09,149
1721,2023-08-31,46.1,100
1722,2023-08-17,92.59,161
1723,2023-08-18,67.88,181
1724,2023-08-24,92.3,175
1725,2023-08-13,92.73,185
1726,2023-08-31,90.16,157
1727,2023-08-19,111.29,164
1728,2023-08-01,146.29,156
1729,2023-08-14,97.62,180
1730,2023-08-15,127.54,127
1731,2023-08-19,57.9,170
1732,2023-08-08,83.18,197
1733,2023-08-28,64.41,175
1734,2023-08-27,76.97,117
1735,2023-08-26,84.32,176
1736,2023-08-19,129.65,186
1737,2023-08-19,91.28,138
1738,2023-08-31,112.12,143
1739,2023-08-29,81.57,115
1740,2023-08-30,79.23,148
1741,2023-08-31,58.37,101
1742,2023-08-01,128.82,116
1743,2023-08-10,119.24,179
1744,2023-08-23,94.73,159
1745,2023-08-08,85.44,130
1746,2023-08-23,92.04,154
1747,2023-08-14,63.7,122
1748,2023-08-21,99.83,147
1749,2023-08-31,117.25,199
1750,2023-08-08,118.42,185
1751,2023-08-21,59.09,155
1752,2023-08-05,111.91,151
1753,2023-08-02,63.82,179
1754,2023-08-17,47.25,192
1755,2023-08-14,112.76,151
1756,2023-08-19,80.02,150
1757,2023-08-28,109.5,118
1758,2023-08-10,107.49,181
1759,2023-08-01,104.66,148
1760,2023-08-07,91.79,130
1761,2023-08-31,65.75,114
1762,2023-08-28,84.36,144
1763,2023-08-19,118.82,138
1764,2023-08-14,110.07,125
1765,2023-08-05,85.37,107
1766,2023-08-20,85.13,179
1767,2023-08-19,102.72,172
1768,2023-08-28,93.23,180
1769,2023-08-04,86.38,148
1770,2023-08-13,100.92,129
1771,2023-08-02,100.21,132
1772,2023-08-15,77.49,108
1773,2023-08-15,97.14,199
1774,2023-08-08,98.93,143
1775,2023-08-09,90.25,113
1776,2023-08-31,75.45,122
1777,2023-08-24,83.75,100
1778,2023-08-08,71.59,124
1779,2023-08-08,97.69,122
1780,2023-08-13,59.19,132
1781,2023-08-01,121.22,189
1782,2023-08-18,116.14,169
1783,2023-08-11,99.43,115
1784,2023-08-09,108.75,196
1785,2023-08-08,107.26,127
1786,2023-08-05,93.54,183
1787,2023-08-11,86.92,156
1788,2023-08-07,84.67,167
1789,2023-08-05,122.11,118
1790,2023-08-24,74.78,196
1791,2023-08-24,75.15,141
1792,2023-08-10,110.68,106
1793,2023-08-03,108.54,121
1794,2023-08-16,85.77,153
1795,2023-08-23,101.62,103
1796,2023-08-21,104.35,117
1797,2023-08-21,64.88,175
1798,2023-08-08,117.63,138
1799,2023-08-14,104.35,185
1800,2023-08-30,99.81,121
1801,2023-09-17,109.51,120
1802,2023-09-27,102.27,108
1803,2023-09-27,94.1,141
1804,2023-09-17,57.04,105
1805,2023-09-28,98.72,190
1806,2023-09-08,68.25,167
1807,2023-09-08,136.09,141
1808,2023-09-11,93.77,112
1809,2023-09-04,135.65,157
1810,2023-09-26,99.06,161
1811,2023-09-02,84.06,134
1812,2023-09-24,121.95,187
1813,2023-09-28,103.96,157
1814,2023-09-27,144.85,105
1815,2023-09-01,83.58,117
1816,2023-09-22,122.92,148
1817,2023-09-23,143.36,109
1818,2023-09-12,124.16,195
1819,2023-09-11,111.12,138
1820,2023-09-08,124.36,160
1821,2023-09-24,94.22,154
1822,2023-09-30,79.69,142
1823,2023-09-18,85.73,104
1824,2023-09-02,97.66,143
1825,2023-09-03,112.24,124
1826,2023-09-30,80.97,168
1827,2023-09-03,89.69,115
1828,2023-09-08,82.45,167
1829,2023-09-27,116.04,173
1830,2023-09-06,135.44,175
1831,2023-09-18,76.48,175
1832,2023-09-27,107.62,183
1833,2023-09-13,118.81,180
1834,2023-09-18,92.45,147
1835,2023-09-17,69.19,151
1836,2023-09-05,121.73,143
1837,2023-09-24,68.08,179
1838,2023-09-19,128.3,124
1839,2023-09-04,82.05,175
1840,2023-09-07,65.45,190
1841,2023-09-20,87.14,157
1842,2023-09-22,96.03,197
1843,2023-09-15,100.13,172
1844,2023-09-24,109.38,144
1845,2023-09-14,101.96,118
1846,2023-09-25,133.31,151
1847,2023-09-04,95.09,171
1848,2023-09-26,103.05,187
1849,2023-09-18,101.29,120
1850,2023-09-23,63.36,151
1851,2023-09-05,72.99,175
1852,2023-09-12,97.74,134
1853,2023-09-09,105.53,127
1854,2023-09-08,56.35,116
1855,2023-09-15,134.47,132
1856,2023-09-10,107.22,124
1857,2023-09-13,96.59,179
1858,2023-09-07,106.23,133
1859,2023-09-09,86.03,163
1860,2023-09-12,100.36,196
1861,2023-09-20,103.55,181
1862,2023-09-11,122.0,149
1863,2023-09-19,93.29,107
1864,2023-09-04,68.55,196
1865,2023-09-15,79.2,183
1866,2023-09-13,91.69,122
1867,2023-09-21,70.46,192
1868,2023-09-16,77.17,112
1869,2023-09-19,79.38,169
1870,2023-09-21,90.36,132
1871,2023-09-25,106.94,115
1872,2023-09-04,89.43,165
1873,2023-09-15,108.36,177
1874,2023-09-01,96.61,127
1875,2023-09-09,77.79,120
1876,2023-09-16,103.9,117
1877,2023-09-02,100.62,115
1878,2023-09-24,108.93,162
1879,2023-09-08,113.22,179
1880,2023-09-26,122.74,113
1881,2023-09-07,107.65,106
1882,2023-09-10,99.94,139
1883,2023-09-03,109.03,127
1884,2023-09-25,87.5,184
1885,2023-09-13,86.08,162
1886,2023-09-17,125.89,103
1887,2023-09-12,85.52,154
1888,2023-09-04,79.85,132
1889,2023-09-20,107.64,162
1890,2023-09-13,87.67,162
1891,2023-09-17,113.0,147
1892,2023-09-03,120.99,143
1893,2023-09-30,82.36,103
1894,2023-09-14,110.16,128
1895,2023-09-26,85.07,164
1896,2023-09-03,92.1,160
1897,2023-09-12,102.94,173
1898,2023-09-16,86.12,123
1899,2023-09-16,101.06,142
1900,2023-09-29,93.7,136
1901,2023-09-14,113.49,160
1902,2023-09-12,113.55,180
1903,2023-09-21,86.21,170
1904,2023-09-01,103.41,146
1905,2023-09-27,116.81,167
1906,2023-09-07,76.87,194
1907,2023-09-09,93.58,156
1908,2023-09-05,102.5,162
1909,2023-09-05,76.09,137
1910,2023-09-05,131.5,111
1911,2023-09-18,88.41,199
1912,2023-09-07,130.62,100
1913,2023-09-05,85.46,101
1914,2023-09-11,87.5,171
1915,2023-09-15,65.46,171
1916,2023-09-09,107.4,197
1917,2023-09-18,73.89,198
1918,2023-09-25,94.0,192
1919,2023-09-16,80.03,114
1920,2023-09-15,101.02,151
1921,2023-09-26,42.5,192
1922,2023-09-23,98.18,131
1923,2023-09-27,103.07,113
1924,2023-09-13,88.9,114
1925,2023-09-23,90.09,170
1926,2023-09-04,86.52,137
1927,2023-09-03,93.74,181
1928,2023-09-16,126.21,154
1929,2023-09-05,114.18,151
1930,2023-09-25,93.72,186
1931,2023-09-17,88.42,139
1932,2023-09-13,112.08,151
1933,2023-09-12,99.71,166
1934,2023-09-15,75.65,121
1935,2023-09-06,91.44,134
1936,2023-09-02,123.62,120
1937,2023-09-08,106.56,153
1938,2023-09-03,88.63,113
1939,2023-09-20,67.35,153
1940,2023-09-08,100.92,151
1941,2023-09-19,96.72,149
1942,2023-09-14,93.12,134
1943,2023-09-13,112.33,149
1944,2023-09-11,106.82,107
1945,2023-09-25,67.92,119
1946,2023-09-25,96.83,117
1947,2023-09-10,72.02,120
1948,2023-09-27,86.84,187
1949,2023-09-04,70.71,142
1950,2023-09-19,71.32,194
1951,2023-09-04,60.68,106
1952,2023-09-07,103.35,198
1953,2023-09-21,101.3,110
1954,2023-09-11,95.35,131
1955,2023-09-04,85.2,169
1956,2023-09-28,69.43,134
1957,2023-09-13,86.92,149
1958,2023-09-06,101.39,143
1959,2023-09-19,100.93,195
1960,2023-09-30,123.13,152
1961,2023-09-18,119.72,107
1962,2023-09-28,96.12,105
1963,2023-09-21,86.73,149
1964,2023-09-12,80.48,108
1965,2023-09-02,66.73,158
1966,2023-09-01,73.87,137
1967,2023-09-14,63.03,122
1968,2023-09-02,130.82,199
1969,2023-09-27,101.42,197
1970,2023-09-22,108.25,108
1971,2023-09-01,90.38,123
1972,2023-09-21,143.93,109
1973,2023-09-22,74.04,133
1974,2023-09-20,65.07,171
1975,2023-09-29,143.45,185
1976,2023-09-10,68.59,153
1977,2023-09-02,90.12,149
1978,2023-09-13,81.97,116
1979,2023-09-09,102.9,126
1980,2023-09-06,88.68,192
1981,2023-10-14,113.32,156
1982,2023-10-21,117.77,125
1983,2023-10-30,71.56,108
1984,2023-10-28,84.89,122
1985,2023-10-13,115.11,131
1986,2023-10-23,121.98,179
1987,2023-10-14,104.17,165
1988,2023-10-19,109.39,148
1989,2023-10-13,129.61,151
1990,2023-10-24,93.91,164
1991,2023-10-26,103.95,112
1992,2023-10-21,124.74,131
1993,2023-10-17,126.16,137
1994,2023-10-28,98.89,144
1995,2023-10-22,85.46,113
1996,2023-10-24,98.68,148
1997,2023-10-21,100.52,124
1998,2023-10-03,84.8,171
1999,2023-10-06,87.42,166
2000,2023-10-16,126.19,144
2001,2023-10-10,110.34,184
2002,2023-10-10,95.21,195
2003,2023-10-14,80.1,180
2004,2023-10-23,87.64,170
2005,2023-10-14,68.73,158
2006,2023-10-05,104.69,178
2007,2023-10-23,86.63,169
2008,2023-10-28,106.25,118
2009,2023-10-13,114.89,164
2010,2023-10-31,106.55,117
2011,2023-10-26,92.85,140
2012,2023-10-14,83.88,157
2013,2023-10-29,77.52,145
2014,2023-10-11,123.93,127
2015,2023-10-04,105.67,130
2016,2023-10-28,93.9,192
2017,2023-10-01,112.04,161
2018,2023-10-21,120.23,117
2019,2023-10-24,87.01,176
2020,2023-10-14,105.06,118
2021,2023-10-07,105.47,132
2022,2023-10-05,128.6,162
2023,2023-10-16,93.64,190
2024,2023-10-19,83.24,165
2025,2023-10-15,107.23,130
2026,2023-10-21,113.74,109
2027,2023-10-02,103.42,172
2028,2023-10-16,130.17,151
2029,2023-10-20,93.58,182
2030,2023-10-19,103.91,150
2031,2023-10-10,72.87,126
2032,2023-10-11,82.25,186
2033,2023-10-17,87.12,148
2034,2023-10-18,96.62,179
2035,2023-10-13,75.51,138
2036,2023-10-19,111.75,115
2037,2023-10-25,85.51,147
2038,2023-10-17,143.98,190
2039,2023-10-25,86.14,162
2040,2023-10-05,101.84,151
2041,2023-10-11,99.37,102
2042,2023-10-03,80.75,185
2043,2023-10-06,96.69,179
2044,2023-10-01,96.46,152
2045,2023-10-02,117.79,138
2046,2023-10-14,107.98,125
2047,2023-10-04,111.44,169
2048,2023-10-03,117.32,141
2049,2023-10-15,111.77,147
2050,2023-10-02,104.9,100
2051,2023-10-02,86.96,107
2052,2023-10-08,103.63,120
2053,2023-10-20,83.52,128
2054,2023-10-10,98.12,139
2055,2023-10-02,95.61,124
2056,2023-10-31,96.79,140
2057,2023-10-20,75.68,145
2058,2023-10-07,47.76,170
2059,2023-10-08,92.09,129
2060,2023-10-04,122.15,155
2061,2023-10-18,101.56,198
2062,2023-10-22,120.52,189
2063,2023-10-24,83.63,112
2064,2023-10-11,91.17,148
2065,2023-10-31,145.53,180
2066,2023-10-29,84.69,113
2067,2023-10-30,111.04,149
2068,2023-10-13,111.01,172
2069,2023-10-19,108.73,183
2070,2023-10-31,111.3,151
2071,2023-10-04,84.44,188
2072,2023-10-28,92.97,110
2073,2023-10-03,51.63,180
2074,2023-10-03,129.38,161
2075,2023-10-29,111.18,175
2076,2023-10-22,87.14,106
2077,2023-10-24,83.83,120
2078,2023-10-08,122.54,135
2079,2023-10-09,85.87,111
2080,2023-10-03,87.09,118
2081,2023-10-11,80.0,107
2082,2023-10-08,114.94,168
2083,2023-10-10,120.2,101
2084,2023-10-16,95.72,115
2085,2023-10-18,120.34,187
2086,2023-10-28,107.0,117
2087,2023-10-13,78.94,125
2088,2023-10-22,127.66,103
2089,2023-10-13,79.82,177
2090,2023-10-18,97.08,117
2091,2023-10-26,95.78,186
2092,2023-10-20,92.39,165
2093,2023-10-31,63.18,182
2094,2023-10-15,139.89,150
2095,2023-10-14,65.33,126
2096,2023-10-10,129.09,102
2097,2023-10-19,83.22,180
2098,2023-10-09,88.81,114
2099,2023-10-15,126.76,153
2100,2023-10-21,109.12,107
2101,2023-10-18,73.44,146
2102,2023-10-29,73.09,127
2103,2023-10-23,106.08,188
2104,2023-10-16,79.51,181
2105,2023-10-22,110.07,151
2106,2023-10-16,112.14,181
2107,2023-10-01,85.08,175
2108,2023-10-22,89.78,186
2109,2023-10-28,106.73,104
2110,2023-10-30,84.29,185
2111,2023-10-19,101.58,170
2112,2023-10-31,147.12,135
2113,2023-10-25,107.69,112
2114,2023-10-29,92.65,115
2115,2023-10-31,142.43,121
2116,2023-10-28,116.44,160
2117,2023-10-09,79.93,106
2118,2023-10-24,83.14,158
2119,2023-10-13,67.21,140
2120,2023-10-06,106.37,158
2121,2023-10-10,60.22,168
2122,2023-10-08,142.4,171
2123,2023-10-10,94.85,135
2124,2023-10-07,117.75,112
2125,2023-10-06,93.13,134
2126,2023-10-01,106.01,162
2127,2023-10-28,97.34,179
2128,2023-10-25,101.02,181
2129,2023-10-14,124.19,161
2130,2023-10-26,134.38,178
2131,2023-10-24,132.46,139
2132,2023-10-29,165.42,155
2133,2023-10-22,86.21,105
2134,2023-10-28,107.94,155
2135,2023-10-01,86.63,174
2136,2023-10-08,123.25,192
2137,2023-10-21,80.78,193
2138,2023-10-28,124.59,147
2139,2023-10-22,104.09,107
2140,2023-10-30,98.43,102
2141,2023-10-19,100.62,181
2142,2023-10-01,77.58,112
2143,2023-10-03,79.03,123
2144,2023-10-11,104.44,194
2145,2023-11-14,109.31,187
2146,2023-11-14,92.45,183
2147,2023-11-30,99.65,106
2148,2023-11-18,114.65,105
2149,2023-11-08,89.19,169
2150,2023-11-16,70.25,131
2151,2023-11-19,135.22,174
2152,2023-11-23,110.84,154
2153,2023-11-27,95.66,197
2154,2023-11-12,91.58,147
2155,2023-11-14,89.01,114
2156,2023-11-02,128.16,128
2157,2023-11-13,79.58,151
2158,2023-11-29,112.89,159
2159,2023-11-13,112.87,172
2160,2023-11-22,120.32,189
2161,2023-11-29,97.43,152
2162,2023-11-09,133.17,122
2163,2023-11-04,120.96,184
2164,2023-11-16,96.79,130
2165,2023-11-25,90.72,172
2166,2023-11-17,102.39,120
2167,2023-11-08,96.16,151
2168,2023-11-02,87.69,135
2169,2023-11-19,106.5,118
2170,2023-11-11,99.77,115
2171,2023-11-21,138.55,179
2172,2023-11-16,96.13,101
2173,2023-11-24,90.55,146
2174,2023-11-17,105.2,191
2175,2023-11-12,110.19,187
2176,2023-11-15,111.72,137
2177,2023-11-22,111.53,174
2178,2023-11-19,105.87,125
2179,2023-11-29,104.43,101
2180,2023-11-21,117.26,151
2181,2023-11-20,86.05,118
2182,2023-11-08,90.68,122
2183,2023-11-08,75.09,137
2184,2023-11-18,86.34,113
2185,2023-11-09,125.9,102
2186,2023-11-25,116.37,190
2187,2023-11-04,141.74,137
2188,2023-11-01,135.57,156
2189,2023-11-12,116.55,123
2190,2023-11-11,108.03,130
2191,2023-11-09,105.58,131
2192,2023-11-21,64.23,191
2193,2023-11-28,103.38,145
2194,2023-11-15,93.79,148
2195,2023-11-23,87.12,102
2196,2023-11-18,113.14,197
2197,2023-11-27,101.01,166
2198,2023-11-08,106.78,133
2199,2023-11-21,84.46,158
2200,2023-11-22,121.88,182
2201,2023-11-20,96.04,141
2202,2023-11-07,112.05,196
2203,2023-11-26,97.61,115
2204,2023-11-11,61.27,165
2205,2023-11-27,113.97,123
2206,2023-11-28,102.26,127
2207,2023-11-03,73.91,104
2208,2023-11-04,82.27,165
2209,2023-11-27,122.51,123
2210,2023-11-13,74.72,197
2211,2023-11-27,95.55,163
2212,2023-11-22,143.9,124
2213,2023-11-19,114.5,128
2214,2023-11-06,119.45,111
2215,2023-11-23,99.33,153
2216,2023-11-27,72.42,185
2217,2023-11-23,108.65,110
2218,2023-11-01,83.49,135
2219,2023-11-01,81.76,149
2220,2023-11-03,106.32,177
2221,2023-11-21,84.72,145
2222,2023-11-24,104.03,146
2223,2023-11-14,91.29,139
2224,2023-11-26,103.35,118
2225,2023-11-04,94.33,132
2226,2023-11-24,103.89,151
2227,2023-11-30,133.57,112
2228,2023-11-07,119.93,130
2229,2023-11-26,101.7,129
2230,2023-11-30,129.72,124
2231,2023-11-17,112.34,141
2232,2023-11-28,128.13,185
2233,2023-11-01,76.57,155
2234,2023-11-30,84.92,168
2235,2023-11-30,108.41,155
2236,2023-11-20,101.23,131
2237,2023-11-26,103.94,148
2238,2023-11-04,115.58,109
2239,2023-11-13,108.61,186
2240,2023-11-04,121.96,136
2241,2023-11-06,121.36,102
2242,2023-11-21,85.75,149
2243,2023-11-16,61.84,127
2244,2023-11-07,84.59,125
2245,2023-11-14,83.45,128
2246,2023-11-15,105.39,168
2247,2023-11-15,105.13,167
2248,2023-11-05,100.06,174
2249,2023-11-16,113.12,172
2250,2023-11-12,154.38,170
2251,2023-11-30,99.64,124
2252,2023-11-27,109.24,181
2253,2023-11-17,103.93,166
2254,2023-11-07,92.66,103
2255,2023-11-28,115.77,157
2256,2023-11-03,98.7,187
2257,2023-11-22,88.66,136
2258,2023-11-26,90.0,119
2259,2023-11-28,122.74,107
2260,2023-11-18,115.25,107
2261,2023-11-20,94.67,179
2262,2023-11-23,112.79,198
2263,2023-11-17,104.16,176
2264,2023-11-13,109.59,191
2265,2023-11-06,92.18,188
2266,2023-11-27,83.99,149
2267,2023-11-02,98.6,120
2268,2023-11-04,86.93,197
2269,2023-11-07,85.6,118
2270,2023-11-01,77.54,139
2271,2023-11-11,61.95,192
2272,2023-11-12,95.0,165
2273,2023-11-23,126.71,132
2274,2023-11-27,120.94,121
2275,2023-11-04,137.03,197
2276,2023-11-13,84.84,130
2277,2023-11-22,117.11,146
2278,2023-11-17,101.61,128
2279,2023-11-15,90.03,154
2280,2023-11-20,124.09,151
2281,2023-11-20,101.81,193
2282,2023-11-28,70.22,189
2283,2023-11-20,120.71,162
2284,2023-11-27,111.37,133
2285,2023-11-06,106.5,126
2286,2023-11-05,81.25,144
2287,2023-11-17,108.77,127
2288,2023-11-29,133.63,105
2289,2023-11-02,110.8,168
2290,2023-11-30,75.02,122
2291,2023-11-04,112.33,100
2292,2023-11-14,111.01,103
2293,2023-11-18,118.81,199
2294,2023-11-06,110.45,121
2295,2023-11-26,85.66,146
2296,2023-11-17,105.42,180
2297,2023-11-21,98.92,112
2298,2023-11-24,107.73,187
2299,2023-11-04,124.9,110
2300,2023-11-14,91.23,115
2301,2023-11-25,140.62,191
2302,2023-11-05,112.19,108
2303,2023-11-04,120.83,140
2304,2023-11-29,117.88,134
2305,2023-11-14,111.37,130
2306,2023-11-26,115.02,128
2307,2023-11-21,43.54,114
2308,2023-11-13,117.84,113
2309,2023-11-24,87.03,187
2310,2023-11-29,102.95,104
2311,2023-11-11,111.23,173
2312,2023-11-09,125.89,145
2313,2023-11-24,87.04,172
2314,2023-11-22,95.46,124
2315,2023-11-24,97.94,185
2316,2023-11-12,107.97,166
2317,2023-11-06,99.1,147
2318,2023-11-27,115.12,177
2319,2023-11-30,70.87,144
2320,2023-11-27,101.4,137
2321,2023-11-26,135.92,129
2322,2023-11-16,99.15,142
2323,2023-11-03,112.27,134
2324,2023-11-14,122.37,124
2325,2023-11-14,111.61,190
2326,2023-11-02,142.81,119
2327,2023-11-13,105.88,159
2328,2023-11-11,116.15,114
2329,2023-11-06,108.79,154
2330,2023-11-29,130.94,161
2331,2023-11-24,96.36,133
2332,2023-11-08,144.82,125
2333,2023-11-24,91.68,141
2334,2023-11-13,138.18,191
2335,2023-11-20,84.95,123
2336,2023-11-12,116.82,174
2337,2023-11-06,104.16,104
2338,2023-11-09,121.92,163
2339,2023-11-01,112.77,122
2340,2023-11-11,120.74,128
2341,2023-11-07,84.33,103
2342,2023-11-18,73.7,161
2343,2023-11-28,81.44,111
2344,2023-11-08,81.01,152
2345,2023-11-06,84.12,148
2346,2023-11-07,92.89,154
2347,2023-11-19,92.73,198
2348,2023-11-28,104.62,193
2349,2023-11-26,88.29,150
2350,2023-11-25,89.7,150
2351,2023-11-21,100.28,127
2352,2023-11-03,124.84,156
2353,2023-11-17,96.04,170
2354,2023-11-08,103.32,139
2355,2023-11-01,106.41,144
2356,2023-11-24,86.1,107
2357,2023-11-15,97.83,108
2358,2023-11-24,91.11,165
2359,2023-11-20,122.71,199
2360,2023-11-07,120.9,158
2361,2023-11-29,89.26,186
2362,2023-11-22,102.95,174
2363,2023-11-05,116.16,168
2364,2023-11-25,110.51,101
2365,2023-11-28,112.64,195
2366,2023-11-07,86.21,118
2367,2023-11-14,137.28,147
2368,2023-11-17,92.54,175
2369,2023-11-05,92.02,120
2370,2023-11-10,79.34,146
2371,2023-11-30,101.1,172
2372,2023-11-22,127.14,159
2373,2023-12-13,115.31,157
2374,2023-12-07,107.58,168
2375,2023-12-13,124.32,194
2376,2023-12-01,131.58,101
2377,2023-12-23,125.86,150
2378,2023-12-28,73.75,155
2379,2023-12-14,124.51,127
2380,2023-12-12,118.44,170
2381,2023-12-10,93.87,140
2382,2023-12-31,118.53,141
2383,2023-12-25,132.19,190
2384,2023-12-04,98.33,129
2385,2023-12-19,127.37,174
2386,2023-12-21,115.75,182
2387,2023-12-13,55.09,101
2388,2023-12-26,108.98,115
2389,2023-12-14,114.94,142
2390,2023-12-22,103.57,142
2391,2023-12-01,116.5,130
2392,2023-12-04,106.88,165
2393,2023-12-24,154.84,177
2394,2023-12-12,102.23,173
2395,2023-12-10,94.38,112
2396,2023-12-05,126.27,194
2397,2023-12-22,104.59,163
2398,2023-12-18,107.9,127
2399,2023-12-04,106.24,188
2400,2023-12-30,125.06,177
2401,2023-12-29,88.99,111
2402,2023-12-13,127.33,123
2403,2023-12-29,120.11,163
2404,2023-12-17,145.7,124
2405,2023-12-08,113.36,158
2406,2023-12-10,90.26,155
2407,2023-12-18,113.58,168
2408,2023-12-28,116.02,136
2409,2023-12-29,134.11,159
2410,2023-12-12,90.22,134
2411,2023-12-04,80.04,184
2412,2023-12-04,114.0,169
2413,2023-12-20,146.77,199
2414,2023-12-31,123.08,128
2415,2023-12-17,124.3,126
2416,2023-12-07,83.88,148
2417,2023-12-31,110.63,150
2418,2023-12-23,134.55,179
2419,2023-12-20,116.26,128
2420,2023-12-28,78.87,187
2421,2023-12-31,110.24,157
2422,2023-12-16,121.59,112
2423,2023-12-15,47.79,121
2424,2023-12-07,108.08,146
2425,2023-12-29,92.39,194
2426,2023-12-03,126.92,181
2427,2023-12-19,101.48,192
2428,2023-12-31,118.17,138
2429,2023-12-23,109.71,127
2430,2023-12-21,100.76,147
2431,2023-12-27,149.54,121
2432,2023-12-10,98.63,171
2433,2023-12-17,111.34,175
2434,2023-12-21,109.65,178
2435,2023-12-16,113.5,163
2436,2023-12-25,147.62,136
2437,2023-12-31,121.61,163
2438,2023-12-13,100.58,185
2439,2023-12-08,139.39,159
2440,2023-12-29,125.16,153
2441,2023-12-02,100.95,159
2442,2023-12-25,135.68,165
2443,2023-12-18,83.69,122
2444,2023-12-20,88.25,123
2445,2023-12-20,77.71,122
2446,2023-12-14,69.71,185
2447,2023-12-03,134.01,136
2448,2023-12-07,113.75,115
2449,2023-12-02,79.28,148
2450,2023-12-07,109.14,123
2451,2023-12-01,128.05,137
2452,2023-12-19,95.25,103
2453,2023-12-18,103.57,162
2454,2023-12-06,150.74,131
2455,2023-12-29,105.31,158
2456,2023-12-02,80.68,146
2457,2023-12-24,99.42,181
2458,2023-12-04,78.08,191
2459,2023-12-21,123.33,131
2460,2023-12-08,92.59,130
2461,2023-12-19,92.01,163
2462,2023-12-07,153.07,191
2463,2023-12-15,86.25,100
2464,2023-12-09,82.96,170
2465,2023-12-21,89.18,159
2466,2023-12-29,128.74,116
2467,2023-12-31,120.46,135
2468,2023-12-11,99.17,121
2469,2023-12-09,97.43,176
2470,2023-12-30,118.83,104
2471,2023-12-21,114.52,177
2472,2023-12-27,106.56,170
2473,2023-12-07,121.19,123
2474,2023-12-03,87.96,120
2475,2023-12-24,92.9,119
2476,2023-12-27,122.29,150
2477,2023-12-16,116.16,160
2478,2023-12-19,68.36,191
2479,2023-12-17,110.52,187
2480,2023-12-11,152.12,163
2481,2023-12-25,125.7,143
2482,2023-12-23,99.74,159
2483,2023-12-04,94.49,100
2484,2023-12-03,117.14,104
2485,2023-12-10,133.94,161
2486,2023-12-12,75.42,189
2487,2023-12-18,115.62,188
2488,2023-12-04,103.25,124
2489,2023-12-06,113.74,131
2490,2023-12-14,81.7,124
2491,2023-12-19,133.92,122
2492,2023-12-30,139.91,115
2493,2023-12-26,123.67,122
2494,2023-12-16,144.63,155
2495,2023-12-17,102.28,181
2496,2023-12-02,115.14,154
2497,2023-12-31,123.99,160
2498,2023-12-18,117.41,116
2499,2023-12-29,104.71,130
2500,2023-12-07,106.78,192
2501,2023-12-31,137.7,162
2502,2023-12-12,109.49,127
2503,2023-12-12,132.6,129
2504,2023-12-08,108.45,145
2505,2023-12-19,132.46,198
2506,2023-12-13,111.6,148
2507,2023-12-04,122.18,134
2508,2023-12-27,96.73,117
2509,2023-12-14,115.09,141
2510,2023-12-27,97.01,193
2511,2023-12-17,101.81,178
2512,2023-12-24,103.35,193
2513,2023-12-26,106.44,141
2514,2023-12-26,129.78,134
2515,2023-12-04,101.07,199
2516,2023-12-01,112.96,168
2517,2023-12-19,132.54,182
2518,2023-12-08,121.73,156
2519,2023-12-21,75.77,102
2520,2023-12-24,81.22,182
2521,2023-12-27,117.8,116
2522,2023-12-18,100.11,150
2523,2023-12-11,78.79,117
2524,2023-12-24,98.72,175
2525,2023-12-03,118.57,111
2526,2023-12-06,103.13,160
2527,2023-12-30,110.99,105
2528,2023-12-22,104.84,162
2529,2023-12-04,96.07,143
2530,2023-12-25,114.69,155
2531,2023-12-20,76.97,143
2532,2023-12-25,93.69,191
2533,2023-12-06,125.62,129
2534,2023-12-21,81.77,121
2535,2023-12-12,109.99,187
2536,2023-12-17,101.62,105
2537,2023-12-27,99.79,122
2538,2023-12-23,127.67,162
2539,2023-12-18,131.87,131
2540,2023-12-09,89.13,133
2541,2023-12-03,57.52,189
2542,2023-12-19,106.6,189
2543,2023-12-02,72.27,165
2544,2023-12-31,126.41,147
2545,2023-12-04,108.95,106
2546,2023-12-14,80.58,132
2547,2023-12-10,94.58,145
2548,2023-12-31,87.52,199
2549,2023-12-16,93.51,112
2550,2023-12-19,73.84,164
2551,2023-12-16,137.45,136
2552,2023-12-08,89.81,112
2553,2023-12-20,109.94,171
2554,2023-12-22,118.38,183
2555,2023-12-24,131.9,117
2556,2023-12-08,110.62,119
2557,2023-12-01,104.54,150
2558,2023-12-14,111.46,165
2559,2023-12-19,89.03,100
2560,2023-12-11,90.47,105
2561,2023-12-11,104.09,102
2562,2023-12-14,67.62,189
2563,2023-12-24,96.46,160
2564,2023-12-24,100.44,112
2565,2023-12-04,148.28,188
2566,2023-12-21,134.78,144
2567,2023-12-24,118.31,175
2568,2023-12-31,126.96,125
2569,2023-12-26,90.32,117
2570,2023-12-12,111.99,117
2571,2023-12-31,124.21,105
2572,2023-12-05,90.48,107
2573,2023-12-28,81.28,145
2574,2023-12-05,116.09,196
2575,2023-12-10,83.2,140
2576,2023-12-08,120.18,137
2577,2023-12-11,131.51,129
2578,2023-12-16,91.06,110
2579,2023-12-28,92.44,109
2580,2023-12-14,130.85,148
2581,2023-12-30,110.73,113
2582,2023-12-12,127.8,119
2583,2023-12-31,104.8,180
2584,2023-12-07,106.24,140
2585,2023-12-24,110.21,171
2586,2023-12-23,142.93,118
2587,2023-12-22,126.07,143
2588,2023-12-09,95.84,113
2589,2023-12-04,113.42,130
2590,2023-12-31,103.44,146
2591,2023-12-02,99.79,150
2592,2023-12-18,119.6,110
2593,2023-12-03,115.27,147
2594,2023-12-13,91.27,125
2595,2023-12-14,110.26,175
2596,2023-12-31,99.21,160
2597,2023-12-26,118.27,142
2598,2023-12-31,98.37,165
2599,2023-12-13,106.36,115
2600,2023-12-26,100.31,136
2601,2023-12-23,76.36,132
2602,2023-12-04,141.71,191
2603,2023-12-15,110.04,195
2604,2023-12-19,142.54,182
2605,2023-12-13,110.93,138
2606,2023-12-29,123.23,157
2607,2023-12-24,97.05,117
2608,2023-12-24,97.52,195
2609,2023-12-31,108.94,198
2610,2023-12-30,142.33,119
2611,2023-12-06,91.9,178
2612,2023-12-27,72.21,130
2613,2023-12-23,130.33,133
2614,2023-12-17,124.53,186
2615,2023-12-30,101.36,176
2616,2023-12-09,151.2,199
2617,2023-12-10,152.31,126
2618,2023-12-23,75.18,155
2619,2023-12-24,96.62,172
2620,2023-12-06,108.79,101
2621,2023-12-02,117.71,199
2622,2023-12-30,114.58,118
2623,2023-12-12,109.97,142
2624,2023-12-09,89.1,163
2625,2023-12-05,120.23,139
2626,2023-12-03,121.4,191
2627,2023-12-24,128.74,132
2628,2023-12-25,86.56,163
2629,2023-12-11,105.61,104
2630,2023-12-17,100.43,114
2631,2023-12-08,86.24,192
2632,2023-12-05,105.3,134
2633,2023-12-09,89.99,174
2634,2023-12-14,83.28,116
2635,2023-12-09,124.8,177
2636,2023-12-23,101.26,166
2637,2023-12-08,95.72,127
2638,2023-12-22,133.93,104
2639,2023-12-22,122.03,158
2640,2023-12-12,70.45,106
2641,2023-12-24,117.84,174
2642,2023-12-24,117.74,120
2643,2023-12-13,104.49,175
2644,2023-12-20,103.77,165
2645,2023-12-10,78.27,192
2646,2023-12-11,150.9,141
2647,2023-12-09,105.23,181
2648,2023-12-01,116.72,107
2649,2023-12-25,106.29,190
2650,2023-12-14,96.02,195
2651,2023-12-13,126.44,178
2652,2023-12-01,112.81,131
2653,2023-12-16,105.39,199
2654,2023-12-19,116.5,159
2655,2023-12-17,108.06,168
2656,2023-12-23,144.19,172
2657,2023-12-19,125.7,182
2658,2023-12-26,119.74,169
2659,2023-12-30,80.25,118
2660,2023-12-02,120.46,177
2661,2023-12-07,119.94,119
2662,2023-12-09,90.31,193
2663,2023-12-14,79.86,138
2664,2023-12-01,124.81,146
2665,2023-12-20,127.45,141
2666,2023-12-10,97.61,132
2667,2023-12-03,96.78,104
2668,2023-12-09,112.47,120
